Cron executado em Thu Jan 16 13:45:00 -03 2025
Cron executado em Thu Jan 16 17:02:00 -03 2025
Cron executado em Thu Jan 16 17:06:00 -03 2025
Cron executado em Thu Jan 16 18:11:00 -03 2025
Cron executado em Thu Jan 16 18:14:00 -03 2025
Cron executado em Thu Jan 16 18:35:00 -03 2025
Cron executado em Mon Jan 20 18:35:00 -03 2025
Cron executado em Tue Jan 21 10:34:00 -03 2025
Cron executado em Tue Jan 21 10:38:00 -03 2025
Cron executado em Tue Jan 21 10:58:00 -03 2025
Cron executado em Tue Jan 21 11:00:00 -03 2025
Cron executado em Tue Jan 21 11:01:00 -03 2025
Cron executado em Tue Jan 21 11:04:00 -03 2025
Cron executado em Tue Jan 21 11:05:00 -03 2025
Cron executado em Tue Jan 21 11:06:00 -03 2025
Cron executado em Tue Jan 21 11:33:00 -03 2025
Cron executado em Tue Jan 21 11:41:00 -03 2025
Cron executado em Tue Jan 21 11:48:00 -03 2025
Cron executado em Tue Jan 21 11:50:00 -03 2025
Cron executado em Tue Jan 21 11:53:00 -03 2025
Cron executado em Fri Jan 31 08:00:01 -03 2025
Cron executado em Sat Feb  1 08:00:00 -03 2025
Cron executado em Tue Feb  4 08:00:00 -03 2025
Cron executado em Fri Feb 14 08:00:00 -03 2025
Cron executado em Sat Feb 15 08:00:00 -03 2025
Cron executado em Sun Feb 16 08:00:00 -03 2025
Cron executado em Mon Feb 17 08:00:00 -03 2025
Cron executado em Fri Feb 21 08:00:01 -03 2025
Cron executado em Wed Mar  5 08:00:00 -03 2025
Cron executado em Thu Mar  6 08:00:01 -03 2025
Cron executado em Fri Mar  7 08:00:00 -03 2025
Cron executado em Wed Mar 12 08:00:00 -03 2025
Cron executado em Fri Mar 14 08:00:01 -03 2025
Cron executado em Wed Mar 19 08:00:01 -03 2025
Cron executado em Sat Mar 22 08:02:24 -03 2025
Cron executado em Wed Mar 26 08:00:00 -03 2025
Cron executado em Fri Mar 28 08:00:06 -03 2025
Cron executado em Sun Mar 30 08:00:00 -03 2025
Cron executado em Tue Apr  1 08:00:00 -03 2025
Cron executado em Thu Apr  3 08:00:00 -03 2025
Cron executado em Sat Apr  5 08:00:00 -03 2025
Cron executado em Mon Apr  7 08:00:00 -03 2025
Cron executado em Tue Apr  8 08:00:00 -03 2025
Cron executado em Thu Apr 10 08:00:00 -03 2025
Cron executado em Fri Apr 18 08:00:00 -03 2025
Cron executado em Sat Apr 26 08:00:00 -03 2025
Cron executado em Fri May  2 08:00:01 -03 2025
Cron executado em Sat May  3 08:00:01 -03 2025
Cron executado em Thu May  8 08:00:00 -03 2025
Cron executado em Thu May 15 08:00:00 -03 2025
Cron executado em Mon May 19 08:00:00 -03 2025
Cron executado em Tue May 20 08:00:01 -03 2025
Cron executado em Wed May 21 08:00:01 -03 2025
Cron executado em Thu May 22 08:00:00 -03 2025
Cron executado em Fri May 23 08:01:24 -03 2025
Cron executado em Tue May 27 08:00:00 -03 2025
Cron executado em Thu May 29 08:00:00 -03 2025
Cron executado em Fri Jun  6 08:00:01 -03 2025
Cron executado em Tue Jun 10 08:01:08 -03 2025
Cron executado em Wed Jun 11 08:08:24 -03 2025
Cron executado em Sat Jun 14 08:00:00 -03 2025
Cron executado em Wed Jun 18 08:00:00 -03 2025
Cron executado em Thu Jun 19 08:00:00 -03 2025
Cron executado em Sat Jun 21 08:00:01 -03 2025
Cron executado em Tue Jun 24 08:00:01 -03 2025
Cron executado em Thu Jun 26 08:00:01 -03 2025
Cron executado em Fri Jun 27 08:00:00 -03 2025
Cron executado em Mon Jun 30 08:00:00 -03 2025
Cron executado em Tue Jul  1 08:00:01 -03 2025
Cron executado em Wed Jul  2 08:00:00 -03 2025
Cron executado em Thu Jul  3 08:00:00 -03 2025
Cron executado em Sun Jul  6 08:00:00 -03 2025
Cron executado em Thu Jul 10 08:00:00 -03 2025
Cron executado em Wed Jul 16 08:00:00 -03 2025
Cron executado em Sat Jul 19 08:00:00 -03 2025
Cron executado em Fri Jul 25 08:00:00 -03 2025
Cron executado em Wed Jul 30 08:00:00 -03 2025
Cron executado em Sun Aug  3 08:00:00 -03 2025
Cron executado em Mon Aug  4 08:00:00 -03 2025
Cron executado em Tue Aug 12 08:00:00 -03 2025
Cron executado em Wed Aug 13 08:00:00 -03 2025
Cron executado em Fri Aug 15 08:00:00 -03 2025
Cron executado em Fri Sep 26 08:00:01 -03 2025
Cron executado em Sat Sep 27 08:00:00 -03 2025
Cron executado em Sun Sep 28 08:00:00 -03 2025
Cron executado em Mon Sep 29 08:00:00 -03 2025
Cron executado em Thu Oct  2 08:00:00 -03 2025
Cron executado em Sat Oct  4 08:00:01 -03 2025
Cron executado em Sun Oct  5 08:00:01 -03 2025
Cron executado em Mon Oct  6 08:00:00 -03 2025
Cron executado em Wed Oct  8 08:00:00 -03 2025
Cron executado em Fri Oct 10 08:00:00 -03 2025
Cron executado em Sun Oct 12 08:00:00 -03 2025
Cron executado em Thu Oct 16 08:00:01 -03 2025
Cron executado em Sat Oct 18 08:00:00 -03 2025
Cron executado em Mon Oct 20 08:00:00 -03 2025
Cron executado em Wed Oct 22 16:57:00 -03 2025
Cron executado em Wed Nov 12 16:57:00 -03 2025
Cron executado em Fri Nov 14 16:57:00 -03 2025
Cron executado em Sat Nov 15 16:57:00 -03 2025
Cron executado em Sun Nov 16 16:57:00 -03 2025
Cron executado em Mon Nov 17 16:57:00 -03 2025
Cron executado em Wed Nov 19 16:57:01 -03 2025
Cron executado em Sun Nov 23 16:57:00 -03 2025
Cron executado em Mon Nov 24 16:57:00 -03 2025
Cron executado em Tue Nov 25 16:57:00 -03 2025
Cron executado em Wed Nov 26 16:57:01 -03 2025
Cron executado em Thu Nov 27 16:57:00 -03 2025
Cron executado em Fri Nov 28 16:57:01 -03 2025
Cron executado em Sat Nov 29 16:57:00 -03 2025
Cron executado em Thu Dec  4 16:57:00 -03 2025
Cron executado em Mon Dec  8 16:57:00 -03 2025
Cron executado em Wed Dec 10 16:57:01 -03 2025
Cron executado em Fri Dec 12 16:59:09 -03 2025
Cron executado em Tue Dec 16 16:57:00 -03 2025
Cron executado em Wed Dec 17 16:57:00 -03 2025
Cron executado em Thu Dec 18 16:57:00 -03 2025
Cron executado em Sun Dec 21 16:57:00 -03 2025
Cron executado em Mon Dec 22 17:04:30 -03 2025
Cron executado em Thu Dec 25 16:57:00 -03 2025
Cron executado em Sat Dec 27 16:57:00 -03 2025
Cron executado em Sun Dec 28 16:57:00 -03 2025
Cron executado em Fri Jan  9 16:57:01 -03 2026
Cron executado em Sat Jan 10 16:57:01 -03 2026
Cron executado em Tue Jan 13 16:57:00 -03 2026
Cron executado em Thu Jan 15 16:57:00 -03 2026
Cron executado em Fri Jan 16 16:57:01 -03 2026
